url,
"https://sexfortokens.com/girls/indian,"
"https://indianpornlist.com/buypremiumporn/,"
"https://www.topescortnews.eu/,"
"https://indianpornlist.com/sexguide-ro/,"
"https://pinayflix.xyz/,"
"https://indianpornlist.com/comicsporno/,"
"https://indianpornlist.com/mysexycouple/,"
"https://indianpornlist.com/pornvid365-com/,"
"https://indianpornlist.com/rudecamreviews/,"
"https://theporncall.com/,"
"https://indianpornlist.com/jullie-in/,"
"https://bravoporno.net/,"
"https://indianpornlist.com/reddit-nriporn/,"
"https://www.escortnews.com.au/,"
"https://indianpornlist.com/pornhub-arabian/,"
"https://indianpornlist.com/reddit-porn/,"
"https://indianpornlist.com/xnxx-tamil-sex-videos/,"
"https://indianpornlist.com/daily-indian-sex/,"
"https://indianpornlist.com/justporn/,"
"https://www.moscarossa.biz/escort-roma-1.html,"
"https://indianpornlist.com/first-petite/,"
"https://indianpornlist.com/partnernight/,"
"https://indianpornlist.com/jerkmate-cams/,"
"https://indianpornlist.com/sexguruji/,"
"https://indianpornlist.com/desisexhub/,"
"https://sexxbazar.club/,"
"https://18pornhub.net/,"
"https://www.callgirlsturkey.com/  ,"
"https://indianpornlist.com/porn-hd/,"
"https://indianpornlist.com/18pornhub-net/,"
"https://indianpornlist.com/desixflix/,"
"https://indianpornlist.com/escortsaffair/,"
"https://in.empirescort.com/,"
"https://nurxxx.xxx,"
"https://indianpornlist.com/vr-porn-mania/,"
"https://aishikaroy.com/,"
"https://indianpornlist.com/desiadultstory/,"
"https://indianpornlist.com/jilkatha/,"
"https://indianpornlist.com/hindisexfilms-net/,"
"https://indianpornlist.com/evaxxx-xyz/,"
"https://hindipornteens.net/,"
"https://evaxnxx.net/,"
"http://indianxxxbazar.net/,"
"https://www.rabbitsreviews.com/porn/categories/indian,"
"https://indianpornlist.com/angry-bangers/,"
"https://indianpornlist.com/gofucker-indian/,"
"https://hindisexteens.net/,"
"https://indianpornlist.com/fuck-my-pakistani-gf/,"
"https://indianpornlist.com/hindisexteens/,"
"https://indianpornlist.com/evaxnxx1-net/,"
"https://indianpornlist.com/rabbitscams-2/,"
"https://indianpornlist.com/velamma/,"
"https://indianpornlist.com/tawaif/,"
"https://www.sosexdoll.com/cheap-sex-doll,"
"https://indianpornlist.com/porn-rockets/,"
"https://indianpornlist.com/weknowporn-indian/,"
"https://pinoysexstories.xyz/,"
"https://indianpornlist.com/indian-sex-stories/,"
"https://indianpornlist.com/loveindiansex-aunty/,"
"https://hubtv18.com/,"
"https://indianpornlist.com/thepornarea/,"
"https://indianpornlist.com/blogs/,"
"https://indianpornlist.com/xnxx-bengali/,"
"https://indianpornlist.com/doodhwali/,"
"https://indianpornlist.com/porngifs/,"
"https://indianpornlist.com/indianteentube/,"
"https://indianpornlist.com/pakistani-porn/,"
"https://indianpornlist.com/sexbazzar-net/,"
"https://indianpornlist.com/hotdelhiescorts/,"
"https://indianpornlist.com/sri-lankan-porn/,"
"https://indianpornlist.com/pornhub-indian/,"
"https://indianpornlist.com/elmundoporno/,"
"https://www.sexjobs.it/,"
"https://www.escorts.cz/,"
"https://indianpornlist.com/watch-porn/,"
"https://indianpornlist.com/xnxxhamster/,"
"https://indianpornlist.com/freepornsites/,"
"https://indianpornlist.com/desiporngirl/,"
"https://indianpornlist.com/pornlux/,"
"https://indianpornlist.com/amateursexstart/,"
"https://pinaypie.me/,"
"https://indianpornlist.com/tamilsexvideostube/,"
"https://indianpornlist.com/velamma-hindi/,"
"https://sexbazzar.net/,"
"https://indianpornlist.com/pornpaw-indian/,"
"https://indianpornlist.com/buttcrack/,"
"https://indianpornlist.com/fantasi/,"
"https://indianpornlist.com/indian-spy-videos/,"
"https://indianpornlist.com/babes-of-india/,"
"https://indianpornlist.com/indian-paysites/,"
"https://xnxx2.tv/,"
"https://indianpornlist.com/coomeet/,"
"https://indianpornlist.com/sex-austria/,"
"https://indianpornlist.com/antarvasna-sex-stories-org/,"
"https://indianpornlist.com/pornhub18-xyz/,"
"https://indianpornlist.com/watchhentai/,"
"https://indianpornlist.com/desiteentube-net/,"
"https://indianpornlist.com/indian-handjobs/,"
"https://indianpornlist.com/wetchicks/,"
"https://www.sexjobs.gr/,"
"https://javdoe.to/,"
"https://indianpornlist.com/empirescort/,"
"https://indianpornlist.com/homelivesex/,"
"https://antarvasnasexstories.org/,"
"https://arbawysex.com/,"
"https://indianpornlist.com/pornyteen/,"
"https://www.travelgirlsclub.com/,"
"https://indianpornlist.com/bratperversions/,"
"https://hindisexteens.com/,"
"https://indianpornlist.com/yamyhub/,"
"https://indianpornlist.com/sexbazzar/,"
"https://hub18tv.com/,"
"https://evaxnxx.com/,"
"https://indianpornlist.com/inxporn/,"
"https://indianpornlist.com/travelgirlsclub-com/,"
"https://indianpornlist.com/nichepornsites-indian/,"
"https://javfinder.li/,"
"https://faq.porn/,"
"https://indianpornlist.com/niks-indian/,"
"https://indianpornlist.com/xnxx2/,"
"https://indianpornlist.com/thots/,"
"https://indianpornlist.com/ducksfeetlinks/,"
"https://indianpornlist.com/camstank-indian/,"
"https://indianpornlist.com/xvideonovinha/,"
"https://www.kamababa.desi/,"
"https://indianpornlist.com/dscgirls/,"
"https://indianpornlist.com/bhabhitube/,"
"https://indianpornlist.com/pornhub-indian-maid/,"
"https://indianpornlist.com/theporncall/,"
"https://thepornmap.com/list/best-indian-porn-sites/,"
"https://indianpornlist.com/porn2all/,"
"https://privatehdcams.net/,"
"https://indianpornlist.com/dehradunescorts-in/,"
"https://indianpornlist.com/miakhalifa/,"
"https://www.topescort.com.ua/,"
"https://indianpornlist.com/nude-pics/,"
"https://jenporno.cz/,"
"https://evaxxxhub.net/,"
"https://indianpornlist.com/mykonosescort-com/,"
"https://18hubtv.com/,"
"https://indianpornlist.com/marathi-porn/,"
"https://indianpornlist.com/hentaicomics18/,"
"https://indianpornlist.com/xxxvideoindiantwo/,"
"https://indianpornlist.com/topescort-in/,"
"https://indianpornlist.com/sexpornpictures/,"
"https://indianpornlist.com/indian-gf/,"
"https://indianpornlist.com/javdoe/,"
"https://indianpornlist.com/porngameshub/,"
"https://indianxnxxbazar.net/,"
"https://indianpornlist.com/arbawysex/,"
"https://indianpornlist.com/hdpornmax-indian-hd-porn/,"
"https://indianpornlist.com/kamapisachi/,"
"https://indianpornlist.com/xnxx-mallu/,"
"https://indianpornlist.com/celebexposed/,"
"https://indianpornlist.com/fetish-porn/,"
"https://evaxxxhub.com/,"
"https://indianpornlist.com/escortbabe-ch/,"
"https://indianpornlist.com/ai-girlfriend/,"
"https://indianpornlist.com/tryfuckmenow/,"
"https://indianpornlist.com/my-indian-porn/,"
"https://indianpornlist.com/desivdo/,"
"https://indianpornlist.com/18xnxx-xyz/,"
"https://indianpornlist.com/sex-doll-torso/,"
"https://indianpornlist.com/antarvasna-sex-stories/,"
"https://indianpornlist.com/dehradunescortsservices/,"
"https://bigindianboobs.com/,"
"https://indianpornlist.com/smuglist-com/,"
"https://makemytripmood.club/,"
"https://indianpornlist.com/mallu-videos-org/,"
"https://www.supreme-porn.com/,"
"https://indianpornlist.com/best-porn-sites/,"
"https://indianpornlist.com/indian-maid/,"
"https://indianpornlist.com/thesesexlist/,"
"https://indianpornlist.com/inssia/,"
"https://indianpornlist.com/escort-sites/,"
"https://indianpornlist.com/desiteen-net/,"
"https://escortnews.com/,"
"https://indianpornlist.com/nightqueenstories/,"
"https://indianpornlist.com/adultvisor/,"
"https://indianpornlist.com/topescortmalta-com/,"
"https://indianpornlist.com/tamilsex-casa/,"
"https://indianpornlist.com/escortdude-com/,"
"https://indianpornlist.com/myonlineporn/,"
"https://indianpornlist.com/hot-indian-sex-stories/,"
"https://indianpornlist.com/sexsexe1-com/,"
"https://desiteentube.net/,"
"https://indianpornlist.com/nude-bollywood-pics/,"
"https://indianpornlist.com/bad-behavior/,"
"https://xxxy18.xyz/,"
"https://indianpornlist.com/desiporn-xxx/,"
"https://indianpornlist.com/adultcamslover/,"
"https://indianpornlist.com/her-nude-pics/,"
"https://www.sayanagrawal.com,"
"https://trueloves.in/,"
"https://indianpornlist.com/xnxxxvideo/,"
"https://indianpornlist.com/bdsm365/,"
"https://indianpornlist.com/bangladeshi-porn-stars/,"
"https://indianpornlist.com/destiny-deville/,"
"https://indianpornlist.com/wowuncut/,"
"https://indianpornlist.com/topescort-rs/,"
"https://indianpornlist.com/indianbfvideos/,"
"https://indianpornlist.com/torchemada-escort/,"
"https://go.rmhfrtnd.com/api/goToTheTag?campaignId=ipl-spicyindian&sourceId=ipl-spicy&targetDomain=spicyindiancams.com&tag=girls%2Findian&userId=304fa0734f515f3cb289fcb9696a2d1dc000765a8e54098de8b394c8e072e40d,"
"https://www.desiporn.xxx/,"
"https://indianpornlist.com/fsi-comics/,"
"https://indianpornlist.com/amateurpornpics8/,"
"https://indianpornlist.com/indian-porn-tubes/,"
"http://thepornosites.com/,"
"https://voilaporno.com,"
"https://indianpornlist.com/anna69gc-goddessanna/,"
"https://indianpornlist.com/runporn/,"
"https://indianpornlist.com/young-indian-couple/,"
"https://desiteensex.net/,"
"https://indianpornlist.com/xxxy18-xyz/,"
"https://indianpornlist.com/desiteenporn-net/,"
"https://indianpornlist.com/aeroescorts/,"
"https://indianpornlist.com/jilhub-sri-lanka/,"
"https://indianpornlist.com/homemade-xxx-videos/,"
"https://xossip.pro/,"
"https://indianpornlist.com/mencelebrities/,"
"https://www.sexmassage.nl/,"
"https://indianpornlist.com/pornone-indian/,"
"https://indianpornlist.com/pornann/,"
"https://indianpornlist.com/pasionmujeres/,"
"https://indianpornlist.com/localxlist/,"
"https://indianpornlist.com/xnxx18x-xyz/,"
"https://indianpornlist.com/amatuteca/,"
"https://indianpornlist.com/alexiasecret/,"
"https://indianpornlist.com/indiansexvideoz/,"
"https://indianpornlist.com/pornogay-today/,"
"https://indianpornlist.com/xxx-videos-indian/,"
"https://indianpornlist.com/rabbitscams/,"
"https://indianpornlist.com/sexphimds/,"
"https://indianpornlist.com/shesgotadick/,"
"https://indianpornlist.com/hentai-haven/,"
"https://escortsear.ch/,"
"https://indianpornlist.com/desipornmms/,"
"https://ruenu.com,"
"https://indianpornlist.com/arabhotx/,"
"https://indianpornlist.com/gaypornmenu/,"
"https://indianpornlist.com/desiteentvideo/,"
"https://indianpornlist.com/evaxnxx1/,"
"https://indianpornlist.com/smut-india/,"
"https://www.homelivesex.com/couples/,"
"https://www.pornpics.com/,"
"https://indianpornlist.com/hornygirlsonline/,"
"https://indianxxxbazar.club/,"
"https://indianpornlist.com/ingyenporno-india/,"
"https://indianpornlist.com/xnxx18x-club/,"
"https://indianpornlist.com/indiangfporn/,"
"https://indianpornlist.com/sexyteen-org/,"
"https://indianpornlist.com/stopfuckme/,"
"https://www.indianbfvideos.com/,"
"https://indianpornlist.com/chaturbate-indian/,"
"https://indianpornlist.com/gofuckmenow/,"
"https://indianpornlist.com/sexjobs-co-il/,"
"https://indianpornlist.com/desipornvideos/,"
"https://indianpornlist.com/fanaken/,"
"https://indianpornlist.com/priya-rai/,"
"https://indianpornlist.com/escortserviceinmanali-com/,"
"https://escortservicesinalwar.in/,"
"https://indianpornlist.com/adultgamingroom/,"
"https://escortservicejaipur.com/,"
"https://bhabhiteentube.com/,"
"https://indianpornlist.com/tubegalore-indian-hot-mom/,"
"https://indianpornlist.com/ass-porn-firsttimepam/,"
"https://indianpornlist.com/sexbazzar-xyz/,"
"https://indianpornlist.com/free4kporno/,"
"https://indianpornlist.com/bhabhifilms/,"
"https://indianpornlist.com/pornxpert/,"
"https://indianpornlist.com/xredwap-telugu-sex-videos/,"
"https://indianpornlist.com/marathi-sex-stories/,"
"https://indianpornlist.com/pornhub-tamil/,"
"https://indianpornlist.com/porn18hub-net/,"
"https://indianpornlist.com/jav-vr-net/,"
"https://nichepornsites.com/directory/wpbdp_category/indian/,"
"https://bhabhiteenporn.net/,"
"https://indianpornlist.com/sexmassage-nl/,"
"https://indianpornlist.com/amritsarcallgirls/,"
"https://www.topescort.asia/,"
"https://indianpornlist.com/delhi-sex-chat/,"
"https://indianpornlist.com/sexcomic/,"
"https://hindipornstories.org/,"
"https://indianpornlist.com/punjabi-porn/,"
"https://indianpornlist.com/amateurporn-co/,"
"https://indianpornlist.com/sexbazzar-site/,"
"https://indianpornlist.com/relax-sex/,"
"https://indianteentube.com/,"
"https://www.chicasescort.lat/,"
"https://indianpornlist.com/hot-porn/,"
"https://indianpornlist.com/deutsche-pornos-kostenlos/,"
"https://indianpornlist.com/bengalixxxsex/,"
"https://indianpornlist.com/desihoes/,"
"https://indianpornlist.com/gozarhoje/,"
"https://indianpornlist.com/indianporngirl/,"
"https://indianpornlist.com/boobspics/,"
"https://indianpornlist.com/indian-sex-sagar/,"
"https://indianpornlist.com/indian-teen-sex/,"
"https://indianpornlist.com/fastescort69/,"
"https://indianpornlist.com/bengali-porn/,"
"https://elmundoporno.com,"
"https://mastani-girls.club/,"
"https://indianpornlist.com/rabbitsreviews/,"
"https://indianpornlist.com/reddit-indiansgonewild/,"
"https://indianpornlist.com/nordicescorts-com/,"
"https://nuespournous.com,"
"https://www.escortdude.com/,"
"https://indianpornlist.com/desipapa/,"
"https://indianpornlist.com/mandanudes/,"
"https://indianpornlist.com/ai-porn-sites/,"
"https://www.sextorso.com/,"
"https://indianpornlist.com/indian-cam-girls/,"
"https://indianpornlist.com/xossip-masaladesi/,"
"https://indianpornlist.com/thepornblender/,"
"https://bhabhifilm.com/,"
"https://indianpornlist.com/desicollegegirlsex/,"
"https://eurogirlsescort.co.in,"
"https://indianpornlist.com/30galleries/,"
"https://indianpornlist.com/vrpornvideos/,"
"https://indianpornlist.com/pornos-live/,"
"https://indianpornlist.com/eporner/,"
"https://www.torchemada.net/,"
"http://sexxbazar.com/,"
"https://indianpornlist.com/18hubporn/,"
"https://indianpornlist.com/lepornofrais/,"
"https://indianpornlist.com/seksenbabes/,"
"https://indianpornlist.com/socialmediapornstars/,"
"https://indianpornlist.com/kinkyescort-nl/,"
"https://indianpornlist.com/sexxbazar/,"
"https://indianpornlist.com/escortnews-co-nz/,"
"https://indianpornlist.com/camsoda-pornstars/,"
"https://pinayhub.co/,"
"https://indianpornlist.com/sexbazar-xyz/,"
"https://indianpornlist.com/allpaidpornsites/,"
"https://indianpornlist.com/indianporn365/,"
"https://indianpornlist.com/leakslove/,"
"https://18hubporn.com/,"
"https://indianpornlist.com/jazmin-chaudhry/,"
"https://indianpornlist.com/thecambabes/,"
"https://indianpornlist.com/sunny-leone/,"
"https://indianpornlist.com/sex-jav/,"
"https://indianpornlist.com/stripchat-sri-lanka/,"
"https://indianpornlist.com/stocking-fetish-video/,"
"https://indianpornlist.com/free-cams/,"
"https://indianpornlist.com/escortnews-com-au/,"
"https://runporn.com,"
"https://indianpornlist.com/simranali/,"
"https://indipornteens.net/,"
"https://indianpornlist.com/topescort-asia/,"
"https://indianpornlist.com/poojacallgirls/,"
"https://indianpornlist.com/taboodude/,"
"https://indianpornlist.com/tamil-sex-videos/,"
"https://hinditeentube.net/,"
"https://indiansexteen.com/,"
"https://indianpornlist.com/kamukkissa/,"
"https://indianpornlist.com/paid-porn-guide/,"
"https://girlsdelhiescorts.com/,"
"https://indianpornlist.com/voilaporno/,"
"https://indianpornlist.com/nurgay-to/,"
"https://indianpornlist.com/escorts-cz/,"
"https://indianbazar.club/,"
"https://indianpornlist.com/sexu-indian/,"
"https://indianpornlist.com/evaxxx-club/,"
"https://indiansexteen.net/,"
"https://indianpornlist.com/bhabhisex/,"
"https://indianpornlist.com/homemade-clips/,"
"https://hinditeentube.com/,"
"https://evaxxx.net/,"
"https://indianpornlist.com/indian-porn-comics/,"
"https://18pornhub.com/,"
"https://www.escortmykonos.com/,"
"https://indianpornlist.com/perfectsexnow/,"
"https://indianpornlist.com/uncutmaza/,"
"https://indianpornlist.com/livesexfree-webcam/,"
"https://tvsex.club/,"
"https://indianpornlist.com/indianpornbabe/,"
"https://indianpornlist.com/indian-housewifes/,"
"https://indianpornlist.com/hijabhookup/,"
"https://everycamgirl.com/,"
"https://indianpornlist.com/hindisexteen/,"
"https://indianpornlist.com/desiteentvideo-net/,"
"https://www.topescort.co.uk/,"
"https://sexnxxbazar.net/,"
"https://partnernight.club/,"
"https://indianpornlist.com/pirouvr/,"
"https://indianpornlist.com/gays-rest/,"
"https://indianpornlist.com/indianxxxbazar/,"
"https://indianpornlist.com/camextra/,"
"https://indianpornlist.com/yourlive-webcam/,"
"https://indianpornlist.com/desiteentube/,"
"https://bhabhifilms.com/,"
"https://indianpornlist.com/just-xxx/,"
"https://indianpornlist.com/indianteentube-net/,"
"https://indianpornlist.com/hindisexteens-net/,"
"https://indianpornlist.com/curry-cream-pie/,"
"https://indianpornlist.com/arabsex1/,"
"https://indianpornlist.com/pakistanporntube-net/,"
"https://indianpornlist.com/indiansexteen/,"
"https://indianpornlist.com/eroticastory/,"
"https://indianpornlist.com/desifuck/,"
"https://indianpornlist.com/sexbazar-club/,"
"https://indianpornlist.com/omevids/,"
"https://indianpornlist.com/topescort-me/,"
"https://indianpornlist.com/sexhdvideos-me/,"
"https://indianpornlist.com/escort-amsterdam/,"
"https://indianpornlist.com/jav-subtitles/,"
"https://indianpornlist.com/topescort-cy/,"
"https://new-york.bedpage.com/Escorts,"
"https://indianpornlist.com/acompanhantes-curitiba/,"
"https://indianpornlist.com/nangivideo/,"
"https://www.escortserviceinmanali.com,"
"https://indianpornlist.com/indian-babes/,"
"https://indianpornlist.com/hubtv18-net/,"
"https://indianpornlist.com/indianporntube/,"
"https://indianpornlist.com/o-bo/,"
"https://indianpornlist.com/eurogirlsescort-co-in/,"
"https://indianpornlist.com/anuviz/,"
"https://indianpornlist.com/asha-kumara/,"
"https://indianpornlist.com/amatporn/,"
"https://indianpornlist.com/pornsub/,"
"https://indianpornlist.com/sexymilf-club/,"
"https://indianpornlist.com/freescatporntube/,"
"https://indianpornlist.com/new-york-escorts/,"
"https://indianpornlist.com/delhisexchat-net/,"
"https://indianpornlist.com/marathi-zavazavi/,"
"https://indianpornlist.com/indian-hidden-cams/,"
"https://indianpornlist.com/thepornmap/,"
"https://rudecamreviews.com/,"
"https://www.sexguide.ro/,"
"https://indianxnxxbazar.com/,"
"https://sexbazar.club/,"
"https://indianpornlist.com/escortbabe-at/,"
"https://xnxx18x.club/,"
"https://indianpornlist.com/review-porn-sites/,"
"http://xnxxhdporn.xyz/,"
"https://indianpornlist.com/my-sexy-jasmine/,"
"https://indianpornlist.com/pinaypie/,"
"https://indianpornlist.com/tvsex-club/,"
"https://indianpornlist.com/faglife/,"
"https://indianpornlist.com/chicasescort-lat/,"
"https://www.callandy.in,"
"https://www.escortsaffair.com,"
"https://indianpornlist.com/18pornhub-com/,"
"https://fruitycams.com/,"
"https://indianpornlist.com/fapdungeon/,"
"https://indianpornlist.com/horny-chat/,"
"https://www.smuglist.com/,"
"https://indianpornlist.com/callgirlsindehradun/,"
"https://tvporn.live/,"
"https://indianpornlist.com/indian-sex-cams/,"
"https://indianpornlist.com/real-indian-gfs/,"
"https://indianpornlist.com/hub18tv/,"
"https://indianpornlist.com/nurxxx/,"
"https://indianpornlist.com/lemoncams-india/,"
"https://indianpornlist.com/porn4k/,"
"https://indianpornlist.com/big-indian-boobs/,"
"https://indianpornlist.com/hindixxx/,"
"https://indianpornlist.com/telugustories99/,"
"https://sexyteen.org/,"
"https://indianpornlist.com/hubeva-xyz/,"
"https://indianpornlist.com/desiporn-tube/,"
"https://indianpornlist.com/reddit-desi_ladies/,"
"https://indianpornlist.com/urdolls/,"
"https://indianpornlist.com/clipfoo/,"
"https://indianpornlist.com/indian-desi-girls/,"
"https://indianpornlist.com/real-indian-sex-scandals/,"
"https://bhabhisex.net/,"
"https://indianpornlist.com/xvideostravestis/,"
"https://www.privehuis.nl/,"
"https://indianpornlist.com/topescortdubai-com/,"
"https://indianpornlist.com/seduce-eu/,"
"https://indianpornlist.com/romantic-girls/,"
"https://indianpornlist.com/indian-porn-lists/,"
"https://www.camsoda.com/ai-girlfriend,"
"https://indianpornlist.com/indian-porn-tv/,"
"https://www.party-cams.com/,"
"https://indianpornlist.com/18hubtv-club/,"
"https://www.sexjobs.es/,"
"https://indianpornlist.com/pornhub-srilanka/,"
"https://indianpornlist.com/legitpornsites/,"
"https://livesex.fan/,"
"https://indianpornlist.com/pornpingo/,"
"https://indianpornlist.com/premiumbbwcontent/,"
"https://www.sexjobs.co.il/,"
"https://www.topescortmalta.com/,"
"https://indianpornlist.com/leaked-zone/,"
"https://indianpornlist.com/pinayum/,"
"https://indianpornlist.com/bravoporno/,"
"https://indianpornlist.com/my-sexy-neha/,"
"https://indianpornlist.com/amateurxx/,"
"https://indianpornlist.com/fetishes-cam/,"
"https://indianpornlist.com/homefuckporn/,"
"https://indianpornlist.com/telugu-couple-sex/,"
"https://desiteentvideo.net/,"
"https://evaxxx.club/,"
"https://www.topescort.me/,"
"https://bhabhitube.net/,"
"https://indianpornlist.com/indian-amateurs-archive/,"
"https://pornyteen.com/,"
"https://lepornofrais.com/,"
"https://evaxyz.org/,"
"https://evaxxx.online/,"
"https://buypremiumporn.com/,"
"https://indianpornlist.com/porn-games/,"
"https://indianpornlist.com/indian-gay-videos/,"
"https://indianpornlist.com/private-sex-tapes/,"
"https://indianpornlist.com/spicyindiancams/,"
"https://indianpornlist.com/velamma-bhabhi/,"
"https://indianpornlist.com/sekswebsite/,"
"https://indianpornlist.com/pornhub-mallu/,"
"https://indianpornlist.com/indianxnxxbazar-club/,"
"https://indianpornlist.com/hxdoll/,"
"https://indianpornlist.com/porn-glob/,"
"https://indianpornlist.com/teatroporno/,"
"https://indianpornlist.com/evaxnxx/,"
"https://indianpornlist.com/seksmet/,"
"https://www.sex-austria.com/,"
"https://deutsche-pornos-kostenlos.xxx/,"
"https://indianpornlist.com/my-sexy-divya/,"
"https://indianpornlist.com/jenporno/,"
"https://www.mykonosescort.com/,"
"https://indianpornlist.com/shilpa-bhabhi/,"
"https://indianpornlist.com/18hubtv/,"
"https://indianpornlist.com/pornkai-bengali/,"
"https://indianpornlist.com/nehamanaliescorts/,"
"https://indianpornlist.com/sexjobs-it/,"
"https://indianpornlist.com/daftsex/,"
"https://www.bangaloreescortsagency.org,"
"https://indianpornlist.com/sexsiteslike/,"
"https://www.homemade-clips.com/,"
"https://indianpornlist.com/bootysource/,"
"https://indianpornlist.com/sexjobs-gr/,"
"https://indianpornlist.com/sexsexe1/,"
"https://indianpornlist.com/18hubtv-xyz/,"
"https://indianpornlist.com/indianxnxxbazar/,"
"https://indianpornlist.com/xhamster-marathi/,"
"https://indianpornlist.com/beeg-indian/,"
"https://indianpornlist.com/xvideos-indian-maid/,"
"https://indianpornlist.com/hornychat/,"
"https://indianpornlist.com/xvideos-bengali/,"
"https://indianpornlist.com/tamil-sex-videos-me/,"
"https://xnxx18x.xyz/,"
"https://daftsex.porn,"
"https://indianpornlist.com/party-cams/,"
"https://indianpornlist.com/teensex-me/,"
"https://indianpornlist.com/bhabhiteen/,"
"https://www.topescort.rs/,"
"https://indianpornlist.com/indianbazar-club/,"
"https://indianpornlist.com/8muses/,"
"https://indianpornlist.com/pornhub-telugu/,"
"https://indianpornlist.com/sensueel/,"
"https://indianpornlist.com/topescort-nl/,"
"https://indianpornlist.com/topescort-ge/,"
"https://indianpornlist.com/amateur-fickerei-net/,"
"https://indianpornlist.com/tamil-xnxx/,"
"https://nakedpornpics.com/,"
"https://indianpornlist.com/our-categories/,"
"https://indianpornlist.com/gangbangtube-xyz/,"
"https://indianpornlist.com/xvideosmega/,"
"https://indianpornlist.com/theporncouch/,"
"https://indianpornlist.com/man-porn/,"
"https://indianpornlist.com/sexjobs-eu/,"
"https://indianpornlist.com/xnxx-porn/,"
"https://gangbangtube.xyz/,"
"https://indianpornlist.com/pornxxxxhd/,"
"https://indianpornlist.com/badgirllhr/,"
"https://indianpornlist.com/escortservicejaipur/,"
"http://arabhotx.com/,"
"https://indianpornlist.com/marathi-sex/,"
"https://indianpornlist.com/escortnews-com/,"
"https://indianpornlist.com/mistique/,"
"https://evaxxx.xyz/,"
"https://indianpornlist.com/privatehdcams/,"
"https://desibahu.com/,"
"https://rosetoyofficial-us.com/,"
"https://www.screw-my-wife.com/,"
"https://marathisexstories.net/,"
"https://www.escortbabe.at/,"
"https://indianpornlist.com/callandy/,"
"https://www.topescortdubai.com/,"
"https://indianpornlist.com/popular/,"
"https://www.nehamanaliescorts.com,"
"https://indianpornlist.com/indian-stolen-porn/,"
"https://indianpornlist.com/indian-babess/,"
"https://indianpornlist.com/milliondollarporn/,"
"https://indianpornlist.com/xxxhindi/,"
"https://bhabhiteensex.net/,"
"https://realsexdoll.com,"
"https://omevids.com/,"
"https://xnxx18tv.xyz/,"
"https://indianpornlist.com/lovely-femdom/,"
"https://indianpornlist.com/sexjobs-es/,"
"https://www.zirakpurescort.in,"
"https://indianpornlist.com/shazia-sahari/,"
"https://indianpornlist.com/xpornass-indian/,"
"https://indianpornlist.com/camwhorescloud-indian/,"
"https://indianpornlist.com/sexjobs-pl/,"
"https://indianpornlist.com/zuzana-com/,"
"https://bhabhiteensex.com/,"
"https://indianpornlist.com/pornwhitelist/,"
"https://indianpornlist.com/anjali-hot/,"
"https://indianpornlist.com/best-arab-porn-sites/,"
"https://indianpornlist.com/indianxxx-movies/,"
"https://indianpornlist.com/tophookers-nl/,"
"https://indianpornlist.com/xossip/,"
"https://hindisexteen.net/,"
"https://indianpornlist.com/evaxyz-net/,"
"https://indianpornlist.com/xnxx-telugu-sex-videos/,"
"https://www.myfavsexcams.xxx/,"
"https://indianpornlist.com/freedesi/,"
"https://www.escortgirls.be/,"
"https://vrpornvideos.io,"
"https://indianpornlist.com/kavya-sharma/,"
"https://indianpornlist.com/draftsex/,"
"https://indianpornlist.com/justindian-marathi/,"
"https://indianpornlist.com/my-sexy-lily/,"
"https://indianpornlist.com/the-adult-stories/,"
"https://indianpornlist.com/hindisexteen-net/,"
"https://indianpornlist.com/topescortrussia-com/,"
"https://indianpornlist.com/xhamster-bengali/,"
"https://indianpornlist.com/xnxxporn/,"
"http://dirtypornworld.com/,"
"https://indianpornlist.com/savita-bhabhi/,"
"https://indianpornlist.com/sosexdoll/,"
"https://indianpornlist.com/desiteensex/,"
"https://indianpornlist.com/trueloves/,"
"https://indianpornlist.com/xxx-69-tube/,"
"https://desiteenporn.net/,"
"https://hindisexteen.com/,"
"https://indianpornlist.com/evaxyz/,"
"https://indianpornlist.com/pornenix/,"
"https://indianpornlist.com/chatsex-xxx/,"
"https://indianpornlist.com/add-your-site/,"
"https://indianpornlist.com/chiggywiggy/,"
"http://sunnyleonesexvideo.net/,"
"https://indianpornlist.com/indsex/,"
"https://indianpornlist.com/desi-sex-video/,"
"https://indianpornlist.com/lechetube/,"
"https://indianpornlist.com/indianxxxbazar-xyz/,"
"https://indianpornlist.com/evaxnxx-net/,"
"https://www.mistique.com/,"
"https://indianpornlist.com/faq-porn/,"
"https://indianpornlist.com/caiunowhats/,"
"https://indianpornlist.com/sexnxxbazar/,"
"https://anuviz.com,"
"https://indianpornlist.com/get-my-nudes/,"
"https://indianpornlist.com/bindastimes/,"
"https://indianpornlist.com/indiansexstoriesnet/,"
"https://indianpornlist.com/tamil-sex-scandals/,"
"https://indianpornlist.com/desipornfilms-indian-maid/,"
"https://indianpornteens.net/,"
"https://manporn.xxx/,"
"https://indianpornlist.com/indian-porn/,"
"https://indianpornlist.com/arbadasex/,"
"https://indianpornlist.com/fighting-dolls/,"
"https://www.sexphimhds.net/,"
"https://indianpornlist.com/xdir-vip/,"
"https://indianpornlist.com/indian-aunty-milf/,"
"https://indianpornlist.com/reddit-indianbabes/,"
"https://indianpornlist.com/xnxx18tv/,"
"https://indianpornlist.com/cambb/,"
"https://sexbazzar.xyz/,"
"https://indianpornlist.com/1filmy4wap/,"
"https://fetishporntv.com/,"
"https://indianpornlist.com/pakistani-porn-stars/,"
"https://indianpornlist.com/makemytripmood/,"
"https://evaxnxx1.com/,"
"https://indianpornlist.com/telugu-sex-stories/,"
"https://nangivideo.com/,"
"https://indianpornlist.com/gay-men-porn/,"
"https://indianpornlist.com/officialpreetiandpriya/,"
"https://www.topescort.nl/,"
"https://indianpornlist.com/yesporn-vip/,"
"https://hindipornteens.com/,"
"https://pornhub18.xyz/,"
"https://indianpornlist.com/javfinder/,"
"https://indianpornlist.com/asiansex/,"
"https://indianpornlist.com/vr-porn-sites/,"
"https://xnxxporn.me/,"
"https://indianpornlist.com/juicytwink/,"
"https://sexnxxbazar.xyz/,"
"https://evaxyz.com/,"
"https://indianpornlist.com/porntotal/,"
"https://indianpornlist.com/pornkai-marathi/,"
"https://18hubtv.xyz/,"
"https://indianpornlist.com/exotic-indian-girls/,"
"https://indianpornlist.com/freieporno/,"
"https://pirouvr.com,"
"https://indianpornlist.com/adult-home-videos/,"
"https://sexbazzar.site/,"
"https://indianpornlist.com/porn-apps/,"
"https://indianpornlist.com/hindi-porn/,"
"https://bhabhiteentube.net/,"
"https://indianpornlist.com/ooodesi-gay/,"
"http://www.xxx69tube.com/,"
"https://indianpornlist.com/domnuroz/,"
"https://indianpornlist.com/vercomicsporno/,"
"https://indianpornlist.com/bhabhiteenporn/,"
"https://indianpornlist.com/bhabhifilms-net/,"
"https://moreamateurs.com/,"
"https://www.escortbabe.ch/,"
"https://indianpornlist.com/x-rated-university/,"
"https://indianpornlist.com/gangbangtube-net/,"
"https://indianpornlist.com/desi-bahu/,"
"https://indianpornlist.com/actressnudepic/,"
"https://arbadasex.com/,"
"https://indiansexteens.com/,"
"https://indianpornlist.com/antarvasna-clips-cartoon/,"
"https://www.tophookers.nl/,"
"https://indianpornlist.com/sayanagrawal-com/,"
"https://uncams.com/indian-cams,"
"https://www.amsterdamescortgirls.com,"
"https://indianpornlist.com/indiankinkygirls/,"
"https://indianpornlist.com/escortnews-eu/,"
"https://hotdelhiescorts.net/call-girls-in-indore.html,"
"https://indianpornlist.com/tvporn-live/,"
"https://bhabhiteen.com/,"
"https://indianpornlist.com/free-hindi-porn-videos/,"
"https://www.callgirlsbulgaria.com/,"
"https://indianpornlist.com/xxxclub/,"
"https://indianpornlist.com/mastani-girls/,"
"https://www.topescortrussia.com/,"
"https://indianpornlist.com/indian-amateur-porn/,"
"https://indianpornlist.com/xnxxhdporn-xyz/,"
"https://indianpornlist.com/indian-sex-videos/,"
"https://indianpornlist.com/panuwap/,"
"https://indianpornlist.com/bigboobsandhotsex/,"
"https://indianpornlist.com/fapcat/,"
"https://indianpornlist.com/indiansexteens/,"
"https://indianpornlist.com/horny-lily-fuck/,"
"https://indianpornlist.com/cammiesonthefloor/,"
"https://www.pornxpert.com/tags/indian/,"
"https://indianpornlist.com/transpornsites/,"
"https://indianpornlist.com/kamababa/,"
"http://sexbazzar.com/,"
"https://pornbazar.net/,"
"https://indianpornlist.com/nangiphotos/,"
"https://indianpornlist.com/matureuniversity/,"
"https://indianpornlist.com/livesex-fan/,"
"https://indianpornlist.com/xvideosx/,"
"https://indianpornlist.com/screw-my-wife/,"
"https://18xnxx.xyz/,"
"https://indianpornlist.com/dehradunescorts/,"
"https://indianpornlist.com/bhabhiteenporn-net/,"
"https://indianpornlist.com/mantomanfun/,"
"https://indianpornlist.com/mom-sex-videos/,"
"https://indianpornlist.com/fuckbook-india/,"
"https://indianpornlist.com/vr-sex-hub/,"
"https://indianpornlist.com/eroticatale/,"
"https://indianpornlist.com/xhamster-sri-lanka/,"
"https://hubeva.xyz/,"
"https://xnxx18x.net/,"
"https://xrateduniversity.com/tagged/indian/,"
"https://indianpornlist.com/xnxx-llc/,"
"https://badoinkvr.com/,"
"https://desiteentvideo.com/,"
"https://indianpornlist.com/callgirlsbulgaria-com/,"
"https://indianpornlist.com/acuira/,"
"https://indianpornlist.com/zirakpurescort/,"
"https://indianpornlist.com/indian-gay-porn/,"
"https://indianpornlist.com/telugu-sex-videos/,"
"https://indianpornlist.com/myfavsexcams/,"
"https://indianpornlist.com/aagmaal/,"
"https://indianpornlist.com/camsoda-indian/,"
"https://indianpornlist.com/arabian-porn/,"
"https://indianpornlist.com/hotsexstoriespictures/,"
"https://indianpornlist.com/bigboobsonline/,"
"https://indianpornlist.com/indiangfvideos/,"
"https://indianpornlist.com/xxxvideos247/,"
"https://indianpornlist.com/analpornosex/,"
"https://indianpornlist.com/chatovod-telugu-sex-chat/,"
"https://vivamaxph.com/,"
"https://indianpornlist.com/pornox/,"
"https://indianpornlist.com/hindi-sex-stories/,"
"https://indianpornlist.com/fruitycams/,"
"https://indianpornlist.com/infiniteporn/,"
"https://indianpornlist.com/indianxxxmodels/,"
"https://dehradunescorts.org,"
"https://indianxxxbazar.xyz/,"
"https://indianpornlist.com/masterfap/,"
"https://indianpornlist.com/horny-indian-bhabhi/,"
"https://leakedzone.pro/,"
"https://indianpornlist.com/badoinkvr-porn/,"
"https://indianpornlist.com/seduce-nl/,"
"https://indianpornlist.com/sexflirt/,"
"https://www.dehradunescortsservices.com/,"
"https://indianpornlist.com/xnxx18x-net/,"
"https://bhabhifilms.net/,"
"https://indianpornlist.com/pornexpress/,"
"https://lezovibes.com/product-category/realistic-dildos/,"
"https://indianpornlist.com/amateur-couples/,"
"https://indianpornlist.com/ashton-sutton/,"
"https://indianpornlist.com/the-porn-list/,"
"https://bhabhiteenporn.com/,"
"https://indianpornlist.com/indian-amateur-babes/,"
"https://indianpornlist.com/thegay-porn-indian/,"
"https://xecce.com,"
"https://indianpornlist.com/indianpornteens-net/,"
"https://indianpornlist.com/home-made-videos/,"
"https://indianpornlist.com/sahara-knite/,"
"https://indianpornlist.com/bhabhiteensex/,"
"https://indianpornlist.com/nuespournous/,"
"https://indianpornlist.com/indianxnxxbazar-net/,"
"https://indianpornlist.com/south-indian-couple/,"
"https://indianpornlist.com/hotsex-indian/,"
"https://xnxxporn.buzz/,"
"https://indianpornlist.com/indian-babe-shanaya/,"
"https://indianpornlist.com/milflove/,"
"https://indianpornlist.com/indian-gay-site/,"
"https://indianpornlist.com/xxxindianporn/,"
"https://relax-sex.com/,"
"https://www.citytourgirls.com/,"
"https://www.jullie.in,"
"https://indianpornlist.com/wixipedia/,"
"https://indianpornlist.com/masalafun/,"
"https://indianpornlist.com/hotindiansexvideo/,"
"https://indianpornlist.com/hubtv18-com/,"
"https://hubtv18.net/,"
"https://indianpornlist.com/nailedhard/,"
"https://indianpornlist.com/waskucity/,"
"https://indianpornlist.com/18hubporn-xyz/,"
"https://indianpornlist.com/wetsins/,"
"https://www.private-sex-tapes.com/,"
"https://porn2all.com/,"
"https://escortdirectory.tv/,"
"https://www.topescort.de/,"
"https://indianpornlist.com/videbd/,"
"https://indianpornlist.com/bhabhiteensex-net/,"
"https://tvsex.xyz/,"
"https://indianpornlist.com/evaxxx-online/,"
"https://indianpornlist.com/my-sexy-rupali/,"
"https://indianpornlist.com/other-pornsites/,"
"https://indianpornlist.com/theporncouch-2/,"
"https://sexbazzar.club/,"
"https://cambb.xxx/tag/female/indian,"
"https://www.porndiscounts.com/porn-discounts/atk-exotics/,"
"https://sexvid.me/,"
"https://evaxyz.net/,"
"https://indianpornlist.com/hindihub-net/,"
"https://indianpornlist.com/callgirlsinchandigarh/,"
"https://indianpornlist.com/bhabhiteentube-net/,"
"https://indianpornlist.com/pornhub-hindi/,"
"https://indianpornlist.com/moreamateurs/,"
"https://indianpornlist.com/freefans/,"
"https://indianpornlist.com/gurusex/,"
"https://www.sexguide.nl/,"
"https://indianpornlist.com/hindixxx-hd/,"
"https://indianpornlist.com/sexdoll/,"
"https://indianpornlist.com/marathisexyvideo/,"
"https://hardcoresex.xyz/,"
"https://indianpornlist.com/pornhub-pakistani/,"
"https://indianpornlist.com/sexvid/,"
"https://indianpornlist.com/xngay/,"
"https://indianpornlist.com/indiancollegegirlssex/,"
"https://www.dreampress.ai/?ref=mzjinwy&tap_s=4242552-673b01,"
"https://porn18hub.com/,"
"https://indianpornlist.com/xprime/,"
"https://indianpornlist.com/xecce-com/,"
"https://indianpornlist.com/callgirlsturkey-com/,"
"https://indianpornlist.com/sexypornpictures/,"
"https://www.topescort.ge/,"
"https://adultvisor.com/,"
"https://indianpornlist.com/aishikaroy/,"
"https://cammiesonthefloor.com/,"
"https://indianpornlist.com/pornbazar-club/,"
"https://indianpornlist.com/escortdirectory-tv/,"
"https://jerkmate.com/cams/girl/indian,"
"https://indianpornlist.com/bbw-porn/,"
"https://indianpornlist.com/pornpics/,"
"https://indianpornlist.com/indianpinkgirls/,"
"https://www.camsoda.com/free-porn/model,"
"https://indianpornlist.com/pornoanimexxx/,"
"https://indianpornlist.com/hindipornteens-net/,"
"https://indianpornlist.com/indian-college-girls/,"
"https://indianpornlist.com/pornxvid/,"
"https://freepornsites.pro/,"
"https://indianpornlist.com/indianbazar-net/,"
"https://indianpornlist.com/indiaporn-me/,"
"https://taboodude.com/,"
"https://indianpornlist.com/best-pornstar-sites/,"
"https://indianpornlist.com/,"
"https://indianpornlist.com/pinayflix/,"
"https://desiteensex.com/,"
"https://indianpornlist.com/sex-iframe/,"
"https://indianpornlist.com/indian-sex-massage/,"
"https://indianpornlist.com/lezovibes/,"
"https://indianpornlist.com/kamuktas/,"
"https://indianpornlist.com/pornogay/,"
"https://indianpornlist.com/xxvideos-xxx/,"
"https://bestpremiumpornsite.com/list/arab-porn-sites/,"
"https://indianpornlist.com/desicouplesex/,"
"https://indianpornlist.com/sexxbazar-xyz/,"
"http://allpaidpornsites.com/,"
"https://indianpornlist.com/gaytail/,"
"https://www.sexjobs.pl/,"
"https://indianpornlist.com/celebritymovieblog/,"
"https://freieporno.com,"
"https://indianpornlist.com/porndroids-telugu/,"
"https://chatsex.xxx/,"
"https://desiteentube.com/,"
"https://indianpornlist.com/bangaloreescortsagency/,"
"https://indianpornlist.com/fapjerks/,"
"https://indianpornlist.com/my-free-webcam/,"
"https://indianpornlist.com/indian-sex-chat/,"
"https://indianpornlist.com/desiteensex-net/,"
"https://indianpornlist.com/evaxnxx-xyz/,"
"https://indianpornlist.com/allpornimages/,"
"https://indianpornlist.com/lustcore/,"
"https://fantasi.one/@indianpornlist/video/0?share_aff=1136520,"
"https://indianpornlist.com/indian-gay-porn-videos/,"
"https://indianpornlist.com/featured/,"
"https://indianpornlist.com/pornhub-marathi/,"
"https://www.rabbitscams.sex/live-sex/girls/category/indian,"
"https://indianpornlist.com/milkshaketube/,"
"https://teatroporno.com,"
"https://indianpornlist.com/citytourgirls-com/,"
"https://indianpornlist.com/handjobtube4free/,"
"https://indianpornlist.com/sexyalia/,"
"https://indianpornlist.com/sexbazzar-club/,"
"https://indianpornlist.com/indian-sex-forum/,"
"https://indianpornlist.com/nadia-ali/,"
"https://18hub.xyz/,"
"https://celebexposed.com/,"
"https://sexymilf.club/,"
"https://indianpornlist.com/happy2hub/,"
"https://indianpornlist.com/mrpornlive/,"
"https://indianpornlist.com/indianxnxxtube/,"
"https://indianpornlist.com/hindipornteens/,"
"https://indianpornlist.com/karmen-bella/,"
"https://indianpornlist.com/momsex-club/,"
"https://indianpornlist.com/dreampress-ai/,"
"https://www.simranali.com/about.html,"
"https://indianpornlist.com/indian-porn-pics/,"
"https://www.eporner.com/,"
"https://indianpornlist.com/india-nude-club/,"
"https://porn18hub.net/,"
"https://indianpornlist.com/evaxxx-net/,"
"https://indianpornlist.com/pornbazar-xyz/,"
"https://indianpornlist.com/hinditeentube/,"
"https://indianpornlist.com/sexnxxbazar-xyz/,"
"https://aeroescorts.com/,"
"https://sexnxxbazar.com/,"
"https://indianpornlist.com/pinoy-sex-stories/,"
"https://indianpornlist.com/fapptime/,"
"https://indianpornlist.com/escortmykonos-com/,"
"https://indianpornlist.com/mona-bhabhi/,"
"https://escortnews.eu/,"
"https://hotindiansexstories.com/,"
"https://indianpornlist.com/letsfuckme/,"
"https://indianpornlist.com/dehradunescorts-org/,"
"https://www.xnxxhamster.net/,"
"https://www.zuzana.com/,"
"https://indianpornlist.com/desiboobs/,"
"https://indianpornlist.com/ok-sex/,"
"https://indianpornlist.com/porngames-tv/,"
"https://desiteen.net/,"
"https://indianpornlist.com/fuck-my-indian-gf/,"
"https://sexxbazar.xyz/,"
"https://indianpornlist.com/stripchat-indian/,"
"https://fapptime.com/,"
"https://pornokrol.com,"
"https://indianpornlist.com/privehuis-nl/,"
"https://indianpornlist.com/mallu-sex/,"
"https://www.porngames.tv/,"
"https://indianpornlist.com/wiz69-indian/,"
"https://theporncouch.com/,"
"https://indianpornlist.com/pornfoolery/,"
"https://indianpornlist.com/amritsarcallgirlsagency/,"
"https://indianpornlist.com/latika-jha/,"
"https://indianpornlist.com/the-porno-sites/,"
"https://indianpornlist.com/sexbazar-net/,"
"https://theporncouch.com/list/best-japanese-porn-sites/,"
"https://indianpornlist.com/bootfetish/,"
"https://indianpornlist.com/bengalifreeporn/,"
"https://indianpornlist.com/mygothgf/,"
"https://www.amateur-couples.com/,"
"https://indianpornlist.com/sunny-leone-sex/,"
"https://indianpornlist.com/xlovecam-arabian-girls/,"
"https://pornbazar.xyz/,"
"https://indianpornlist.com/richobo/,"
"https://www.topescort.cy/,"
"https://indianpornlist.com/perverttube-com/,"
"https://indianpornlist.com/indian-sex-dating/,"
"https://jilkatha.com/,"
"https://teenleaks.net/,"
"https://indianpornlist.com/yespornplease/,"
"https://indianpornlist.com/topescort-com/,"
"https://indianpornlist.com/sexxbazar-net/,"
"https://bunnyagent.com/,"
"https://indianpornlist.com/free-hindi-sex-stories/,"
"https://xnxx18tv.com/,"
"https://indianpornlist.com/sexvideoteen/,"
"https://indianpornlist.com/jilhub-net/,"
"https://www.escortnews.co.nz/,"
"https://www.xxxvideoindian2.com/,"
"https://indianpornlist.com/indian-male-porn-stars/,"
"https://indianpornlist.com/sexnxxbazar-club/,"
"https://indianpornlist.com/ruenu-com/,"
"https://indianpornlist.com/smplace-forum/,"
"https://indianpornlist.com/topescort-co-uk/,"
"https://www.seduce.nl/,"
"https://pasionmujeres.com,"
"https://indianpornlist.com/callgirlsinchandigarh-in/,"
"https://sexnxxbazar.club/,"
"https://www.desiboobs.club/,"
"https://indianpornlist.com/thumbzilla-indian/,"
"https://www.indiansexstories2.net/,"
"https://poojacallgirls.com/,"
"https://indianpornlist.com/bhabhiteentube/,"
"https://indianteentube.net/,"
"https://indianpornlist.com/cum-filled-indians/,"
"https://indianpornlist.com/angoporn/,"
"https://callgirlsindehradun.biz,"
"https://indianpornlist.com/jizzest/,"
"https://indianpornlist.com/pornbazar-net/,"
"https://www.pornann.com/,"
"https://indianpornlist.com/tvsex-xyz/,"
"https://indianpornlist.com/gayfreeporn-tv/,"
"https://indianpornlist.com/evaxyz-org/,"
"https://www.adult-home-videos.com/,"
"https://indianpornlist.com/stripchat-indian-men/,"
"https://indianbazar.net/,"
"https://pdcams.com/,"
"https://indianpornlist.com/porn18hub/,"
"https://indianpornlist.com/girlsdelhiescorts/,"
"https://indianpornlist.com/sex-doll/,"
"https://www.rabbitscams.sex/,"
"https://indianpornlist.com/xhamster-mallu/,"
"https://indianpornlist.com/unegeekette/,"
"https://www.amritsarcallgirlsagency.in,"
"https://indianpornlist.com/xossipy/,"
"https://indianpornlist.com/indian-lesbo-lickers/,"
"https://indianpornlist.com/teen-leaks/,"
"https://indianpornlist.com/xnxx18tv-com/,"
"https://indianpornlist.com/indian-sex-land/,"
"https://indianpornlist.com/indian-adult-cams/,"
"https://fapjerks.com/,"
"https://www.adultcamslover.com/indian-adult-cams/,"
"https://www.dehradunescorts.in/,"
"https://indianpornlist.com/desibang/,"
"https://indianpornlist.com/indianpornteens/,"
"https://indianpornlist.com/sex-toys/,"
"https://indianxxxbazar.com/,"
"https://18hubtv.club/,"
"https://indianpornlist.com/everycamgirl/,"
"https://indianpornlist.com/misslea/,"
"https://indianpornlist.com/antarvasna-sex-clips/,"
"https://hindihub.net/,"
"https://indianpornlist.com/pleasefuck/,"
"https://indianpornlist.com/sexguide-nl/,"
"https://indianpornlist.com/hindi-porn-stories/,"
"https://indianpornlist.com/indiansexteen-net/,"
"https://indianpornlist.com/escortgirls-be/,"
"https://indianpornlist.com/pinayhub/,"
"https://indianpornlist.com/hardcoresex-xyz/,"
"https://fsicomics.com/,"
"https://evaxnxx1.net/,"
"https://indianpornlist.com/masahub/,"
"https://indianpornlist.com/sexxbazar-club/,"
"https://indianpornlist.com/hotsexstory-xyz/,"
"https://indianpornlist.com/lustyweb/,"
"https://indianpornlist.com/vivamaxph/,"
"https://indianpornlist.com/porndiscounts/,"
"https://indianpornlist.com/village-sex-videos/,"
"https://indianpornlist.com/live-indian-cams/,"
"https://nailedhard.com,"
"https://indianpornlist.com/18hub-xyz/,"
"https://www.home-made-videos.com/,"
"https://indianpornlist.com/evaxxxhub/,"
"https://bhabhiteen.net/,"
"https://indianpornlist.com/nangi/,"
"https://indianpornlist.com/czechsoles/,"
"https://indianpornlist.com/topescort-de/,"
"https://freehindisexstories.net/,"
"https://indianpornlist.com/hinditeentube-net/,"
"https://indianpornlist.com/pornsitesnow/,"
"https://indianpornteens.com/,"
"https://indianpornlist.com/pornstar-harem/,"
"https://indianpornlist.com/pornokrol/,"
"https://sexbazar.xyz/,"
"https://sexbazar.net/,"
"https://www.wetsins.com/,"
"https://www.transpornsites.com/,"
"https://indianpornlist.com/supreme-porn/,"
"https://indianpornlist.com/onepornlist/,"
"https://indianpornlist.com/bunny-agent/,"
"https://www.kinkyescort.nl/,"
"https://indianpornlist.com/escortsear-ch/,"
"https://www.callgirlsinchandigarh.com/amrita-kolkata-escort-service.html,"
"https://indianpornlist.com/pornhub-bengali/,"
"https://www.xxxvideos247.com/,"
"https://indianpornlist.com/playindiansex/,"
"https://www.yourdoll.com,"
"https://indianpornlist.com/milflesbian/,"
"https://indianpornlist.com/indianrealporn/,"
"https://indianpornlist.com/bhabhifilm/,"
"https://www.sexjobs.eu/,"
"https://indianpornlist.com/girlswallowed/,"
"https://indianpornlist.com/slixa/,"
"https://indianpornlist.com/topescortnews-eu/,"
"https://indianpornlist.com/bhabhi/,"
"https://indianpornlist.com/indipornteens-net/,"
"https://hindisexfilms.net/,"
"https://fanaken.com,"
"https://indianpornlist.com/escortservicesinalwar/,"
"https://indianpornlist.com/desimasty/,"
"https://www.escortbabe.ru/,"
"https://indianpornlist.com/saharaknitexxx/,"
"https://indianpornlist.com/amateurest/,"
"https://indianpornlist.com/escortbabe-com/,"
"https://indianpornlist.com/escortbabe-ru/,"
"https://sexxbazar.net/,"
"https://www.topescort.in/,"
"https://indianpornlist.com/bollywood-nudes/,"
"https://indianpornlist.com/sexnxxbazar-net/,"
"https://indianpornlist.com/indianxxxbazar-net/,"
"https://www.callgirlsinchandigarh.in/,"
"https://indianpornlist.com/uncams-indian/,"
"https://indianpornlist.com/just-sherlyn-chopra/,"
"https://indianpornlist.com/xnxx18tv-xyz/,"
"https://indianpornlist.com/xhamster-indian/,"
"https://gangbangtube.net/,"
"https://indianpornlist.com/newnightescorts/,"
"https://indianpornlist.com/milftoon/,"
"https://indianpornlist.com/desixclips/,"
"https://indianpornlist.com/rosetoy/,"
"https://www.porntotal.com/app?c=C1Iindianpornlist,"
"https://indianpornlist.com/reddit-indian-porn/,"
"https://www.seduce.eu/,"
"https://indianpornlist.com/vid123-net-indian/,"
"https://www.pinayum.com/,"
"https://indianpornlist.com/slhotgays/,"
"https://indianpornlist.com/naked-pics/,"
"https://indianpornlist.com/escort-roma/,"
"https://indianpornlist.com/topescort-com-ua/,"
"https://www.nordicescorts.com/,"
"https://www.topescort.com/,"
"https://romantic-girls.in/,"
"https://indianpornlist.com/chatintime/,"
"https://indianpornlist.com/indian-porn-stars/,"
"https://pornbazar.club/,"
"https://18hubporn.xyz/,"
"https://indianpornlist.com/bang-toplist/,"
"https://www.escortbabe.com/,"
"https://www.amritsarcallgirls.com/,"
"https://indianpornlist.com/evaxxxhub-net/,"
"https://evaxnxx.xyz/,"
"https://vrpornmania.com/,"
"https://indianpornlist.com/indianflirt/,"
"https://indianpornlist.com/xxxstory/,"
"https://indianpornlist.com/bhabhiteen-net/,"
"https://indianpornlist.com/xvideos-mallu/,"
"https://indianpornlist.com/dirty-porn-world/,"
"https://indianpornlist.com/pdcams/,"
"https://indianpornlist.com/indiangirlporn/,"
